date,time,indoor_temp,indoor_humidity,indoor_lighting,indoor_CO2,soil_temp,soil_moisture
14:43:30,2/4/2018,39.1,47,215,525,19.1,22
14:44:31,2/4/2018,39,47,217,533,19.1,23
14:45:31,2/4/2018,38.7,47,215,530,19.1,23
14:46:31,2/4/2018,38.9,47,203,526,19.1,23
14:47:30,2/4/2018,38.8,47,197,533,19.1,23
14:48:30,2/4/2018,38.8,47,200,533,19.1,23
14:49:31,2/4/2018,38.7,47,207,533,19.1,23
14:50:31,2/4/2018,38.6,47,202,533,19.1,23
14:51:30,2/4/2018,38.6,46,193,533,19.1,23
14:52:30,2/4/2018,38.5,47,186,530,19.1,23
14:53:30,2/4/2018,38.5,47,181,535,19.1,23
14:54:31,2/4/2018,38.6,47,178,535,19.1,23
14:55:31,2/4/2018,38.3,49,179,535,19.1,23
14:56:30,2/4/2018,38.2,47,190,540,19.1,23
14:57:30,2/4/2018,38.1,47,195,545,19.1,23
14:58:31,2/4/2018,38.1,47,190,540,19.1,23
14:59:31,2/4/2018,38,47,173,538,19.1,23
15:00:31,2/4/2018,37.9,47,160,535,19.1,23
15:01:31,2/4/2018,37.8,47,154,535,19.1,23
15:02:31,2/4/2018,37.8,48,155,538,19.1,23
15:04:30,2/4/2018,37.6,48,154,540,19.1,23
15:05:31,2/4/2018,37.4,48,149,535,19.1,23
15:06:30,2/4/2018,37.3,48,150,537,19.1,23
15:07:31,2/4/2018,37.7,49,149,533,19.1,23
15:08:30,2/4/2018,37.2,49,147,535,19.1,23
15:09:30,2/4/2018,37.2,49,147,538,19.1,23
15:10:30,2/4/2018,37,50,148,540,19.1,23
15:11:31,2/4/2018,37,50,146,538,19.1,23
15:12:30,2/4/2018,36.6,50,144,538,19.1,23
15:13:30,2/4/2018,36.8,51,144,538,19.1,23
15:14:31,2/4/2018,36.7,51,145,535,19.1,23
15:15:31,2/4/2018,36.6,51,142,533,19.1,23
15:16:31,2/4/2018,36.5,51,139,533,19.1,23
15:17:30,2/4/2018,36.6,51,136,533,19.1,23
15:19:30,2/4/2018,36.7,53,132,526,19.2,23
15:20:30,2/4/2018,36.3,52,135,526,19.2,23
15:21:30,2/4/2018,36.2,52,139,525,19.2,23
15:22:30,2/4/2018,36.1,53,140,526,19.2,23
15:23:31,2/4/2018,36,52,136,523,19.2,23
15:24:30,2/4/2018,35.9,52,133,526,19.2,23
15:25:30,2/4/2018,35.8,53,132,523,19.2,23
15:26:30,2/4/2018,35.4,53,133,521,19.2,23
15:27:31,2/4/2018,35.6,53,130,516,19.2,23
15:28:31,2/4/2018,35.5,53,128,513,19.2,23
15:29:30,2/4/2018,35.5,53,125,513,19.2,23
15:30:30,2/4/2018,35.2,53,123,513,19.2,23
15:31:31,2/4/2018,35.5,53,123,516,19.2,23
15:32:30,2/4/2018,34.7,53,120,518,19.2,23
15:33:30,2/4/2018,35,53,120,523,19.2,23
15:34:30,2/4/2018,35.3,53,118,523,19.2,23
15:35:30,2/4/2018,34.9,54,116,523,19.2,23
15:36:30,2/4/2018,34.6,54,113,526,19.2,23
15:37:30,2/4/2018,34.5,54,110,526,19.2,23
15:38:30,2/4/2018,34.4,54,108,523,19.2,23
15:39:31,2/4/2018,34.3,53,107,521,19.2,23
15:40:31,2/4/2018,34.2,53,105,526,19.2,23
15:41:30,2/4/2018,34,55,103,523,19.2,23
15:42:31,2/4/2018,34.8,56,101,523,19.2,23
15:43:30,2/4/2018,33.7,55,99,523,19.2,23
15:44:30,2/4/2018,33.6,55,96,521,19.2,23
15:45:30,2/4/2018,33.6,56,94,518,19.2,23
15:46:30,2/4/2018,33.2,56,93,518,19.2,23
15:47:31,2/4/2018,33.1,56,91,518,19.2,23
15:48:30,2/4/2018,32.9,57,90,521,19.2,23
15:49:30,2/4/2018,32.8,57,89,521,19.2,23
15:50:30,2/4/2018,32.4,55,88,521,19.2,23
15:51:30,2/4/2018,32.6,57,88,523,19.2,23
15:52:30,2/4/2018,32.6,56,87,518,19.2,23
15:53:30,2/4/2018,30.6,57,87,521,19.2,23
15:54:30,2/4/2018,32.3,57,85,521,19.2,23
15:55:30,2/4/2018,32.5,57,85,523,19.2,23
15:56:30,2/4/2018,32.1,57,86,526,19.2,23
15:57:30,2/4/2018,31.8,57,85,518,19.2,23
15:58:30,2/4/2018,32,57,82,526,19.2,23
15:59:30,2/4/2018,31.7,57,80,526,19.2,23
16:00:30,2/4/2018,31.9,57,78,523,19.2,23
16:01:30,2/4/2018,31.9,57,77,526,19.2,23
16:02:31,2/4/2018,31.8,57,76,528,19.2,23
16:03:30,2/4/2018,29.5,58,75,530,19.2,23
16:04:30,2/4/2018,31.6,57,75,530,19.2,23
16:05:30,2/4/2018,31.3,57,73,528,19.2,23
16:06:30,2/4/2018,31.4,57,72,526,19.2,23
16:07:30,2/4/2018,31.4,57,72,531,19.2,23
16:08:30,2/4/2018,30.8,57,40,528,19.2,23
16:09:30,2/4/2018,30.9,57,4,526,19.2,23
16:10:30,2/4/2018,30.8,57,3,528,19.2,23
16:11:30,2/4/2018,30.5,58,1,528,19.2,23
16:12:31,2/4/2018,28.6,59,1,528,19.2,23
16:13:30,2/4/2018,30.1,59,0,530,19.1,23
16:14:30,2/4/2018,29.7,60,0,540,19.1,23
16:15:30,2/4/2018,29.6,60,0,540,19.1,23
16:16:30,2/4/2018,29.3,61,0,550,19.1,23
16:17:30,2/4/2018,29.2,61,0,560,19.1,23
16:18:30,2/4/2018,28.8,61,0,565,19.1,23
16:19:30,2/4/2018,28.5,62,0,569,19.1,23
16:20:30,2/4/2018,28.2,63,0,567,19.1,23
16:21:30,2/4/2018,28,63,0,574,18.9,23
16:22:30,2/4/2018,27.6,64,0,574,18.9,23
16:23:30,2/4/2018,25.8,65,0,574,18.9,23
16:24:30,2/4/2018,27.6,64,0,579,18.9,23
16:25:30,2/4/2018,27,65,0,582,18.9,23
16:26:30,2/4/2018,27,66,0,584,18.9,23
16:27:30,2/4/2018,26.7,66,0,584,18.9,23
16:28:31,2/4/2018,26.7,66,0,582,18.9,23
16:29:30,2/4/2018,26.3,66,0,582,18.8,23
16:31:30,2/4/2018,25.9,67,0,591,18.8,23
16:32:30,2/4/2018,25.7,67,0,594,18.8,23
16:33:30,2/4/2018,25.4,68,0,594,18.8,23
16:34:30,2/4/2018,25.4,68,0,594,18.8,23
16:36:30,2/4/2018,25.1,68,0,601,18.8,23
16:37:30,2/4/2018,24.8,69,0,604,18.8,23
16:38:30,2/4/2018,24.8,69,0,604,18.8,23
16:39:30,2/4/2018,24.6,69,0,606,18.6,23
16:40:30,2/4/2018,24.6,69,0,608,18.6,23
16:41:30,2/4/2018,24.4,70,0,611,18.6,23
16:42:30,2/4/2018,24.6,70,0,613,18.6,23
16:43:30,2/4/2018,24.2,70,0,616,18.6,23
16:44:30,2/4/2018,24,71,0,618,18.6,23
16:45:30,2/4/2018,23.9,71,0,620,18.6,23
16:46:30,2/4/2018,23.7,71,0,623,18.6,23
16:47:30,2/4/2018,23.8,71,0,623,18.6,23
16:48:30,2/4/2018,23.5,71,0,626,18.6,23
16:49:30,2/4/2018,23.4,72,0,625,18.6,23
16:50:30,2/4/2018,23.2,69,0,625,18.6,23
16:51:30,2/4/2018,23.2,72,0,633,18.6,23
16:52:30,2/4/2018,23.1,73,0,640,18.6,23
16:53:30,2/4/2018,22.9,74,0,638,18.5,23
16:54:30,2/4/2018,22.7,72,0,640,18.5,23
16:55:30,2/4/2018,22.7,73,0,643,18.5,23
16:56:30,2/4/2018,22.6,73,0,643,18.5,23
16:57:31,2/4/2018,22.4,73,0,645,18.5,23
16:58:30,2/4/2018,22.4,73,0,645,18.5,23
16:59:30,2/4/2018,22.2,73,0,645,18.5,23
17:00:30,2/4/2018,22.2,73,0,647,18.5,23
17:01:30,2/4/2018,22.1,70,0,647,18.3,23
17:02:30,2/4/2018,21.9,73,0,647,18.3,23
17:03:30,2/4/2018,21.9,74,0,647,18.3,23
17:04:30,2/4/2018,21.7,74,0,647,18.3,23
17:05:30,2/4/2018,21.7,73,0,650,18.3,23
17:06:30,2/4/2018,21.6,74,0,650,18.3,23
17:07:30,2/4/2018,21.5,74,0,650,18.3,23
17:08:30,2/4/2018,21.4,74,0,655,18.3,23
17:10:30,2/4/2018,21.1,74,0,662,18.2,23
17:11:30,2/4/2018,21.1,74,0,660,18.2,23
17:12:30,2/4/2018,20.9,74,0,662,18.2,23
17:13:30,2/4/2018,20.9,74,0,664,18.2,23
17:14:30,2/4/2018,20.8,74,0,667,18.2,23
17:15:30,2/4/2018,20.7,74,0,667,18.2,23
17:16:30,2/4/2018,20.5,75,0,669,18,23
17:17:30,2/4/2018,20.4,75,0,672,18,23
17:18:30,2/4/2018,20.3,75,0,677,18,23
17:19:30,2/4/2018,20.2,75,0,677,18,23
17:20:30,2/4/2018,20,76,0,679,18,23
17:21:30,2/4/2018,19.9,76,0,677,18,23
17:22:30,2/4/2018,19.8,76,0,681,18,23
17:23:30,2/4/2018,19.7,76,0,681,18,23
17:24:30,2/4/2018,19.6,77,0,681,18,23
17:25:30,2/4/2018,19.4,77,0,684,18,23
17:26:31,2/4/2018,19.4,77,0,689,17.9,23
17:27:30,2/4/2018,19.3,78,0,691,17.9,23
17:28:30,2/4/2018,19.2,78,0,693,17.9,23
17:29:30,2/4/2018,19,77,0,699,17.9,23
17:30:30,2/4/2018,18.9,78,0,696,17.9,23
17:31:30,2/4/2018,19.1,80,0,699,17.9,23
17:32:30,2/4/2018,18.7,78,0,701,17.7,23
17:33:30,2/4/2018,18.6,79,0,652,17.7,23
17:34:30,2/4/2018,18.4,79,0,655,17.7,23
17:35:30,2/4/2018,18.4,79,0,660,17.7,23
17:36:30,2/4/2018,18.4,79,0,660,17.7,23
17:37:30,2/4/2018,18.1,79,0,662,17.7,23
17:39:30,2/4/2018,18,80,0,669,17.6,23
17:40:30,2/4/2018,18,80,0,672,17.6,23
17:41:30,2/4/2018,17.8,79,0,664,17.6,23
17:42:30,2/4/2018,17.5,81,0,667,17.6,23
17:43:30,2/4/2018,17.7,81,0,669,17.6,23
17:44:30,2/4/2018,16.5,81,0,669,17.6,23
17:45:30,2/4/2018,17.6,81,0,672,17.6,23
17:46:30,2/4/2018,18,81,1,682,17.4,23
17:47:30,2/4/2018,17.4,81,0,679,17.4,23
17:48:30,2/4/2018,17.3,81,0,677,17.4,23
17:49:30,2/4/2018,17.3,81,0,681,17.4,23
17:50:30,2/4/2018,17.2,81,0,682,17.4,23
17:51:30,2/4/2018,17.2,82,0,682,17.4,23
17:52:30,2/4/2018,17.2,82,0,684,17.4,23
17:53:30,2/4/2018,17.1,82,0,681,17.4,23
17:54:30,2/4/2018,16.9,82,0,682,17.4,23
17:55:30,2/4/2018,16.9,82,0,686,17.4,23
17:56:30,2/4/2018,16.9,82,0,681,17.4,23
17:57:30,2/4/2018,16.8,82,0,689,17.3,23
17:58:30,2/4/2018,16.8,82,0,691,17.3,23
17:59:30,2/4/2018,15.9,83,0,691,17.3,23
18:00:30,2/4/2018,16.7,82,0,691,17.3,23
18:01:30,2/4/2018,16.7,82,0,691,17.3,23
18:02:30,2/4/2018,16.5,83,0,694,17.3,23
18:03:30,2/4/2018,16.5,83,0,701,17.3,23
18:04:30,2/4/2018,16.5,83,0,701,17.3,23
18:05:30,2/4/2018,16.5,83,0,696,17.1,23
18:06:30,2/4/2018,16.4,83,0,706,17.1,23
18:07:30,2/4/2018,16.2,83,0,711,17.1,23
18:08:30,2/4/2018,16.4,83,0,706,17.1,23
18:09:30,2/4/2018,16.5,82,0,703,17.1,23
18:10:30,2/4/2018,16.3,82,0,708,17.1,23
18:11:30,2/4/2018,16.3,83,0,711,17.1,23
18:12:30,2/4/2018,16.3,82,0,713,17,23
18:13:30,2/4/2018,16.3,82,0,711,17,23
18:14:30,2/4/2018,16.6,82,0,711,17,23
18:15:30,2/4/2018,16.3,82,0,711,17,23
18:16:30,2/4/2018,16,82,0,711,17,23
18:17:30,2/4/2018,16.2,81,0,713,17,23
18:18:30,2/4/2018,16.1,82,0,711,17,23
18:19:30,2/4/2018,16,82,0,708,16.8,23
18:21:30,2/4/2018,16.1,81,0,716,16.8,23
18:22:30,2/4/2018,16,82,0,716,16.8,23
18:23:30,2/4/2018,15.9,82,0,720,16.8,23
18:24:30,2/4/2018,15.9,82,0,723,16.8,23
18:25:30,2/4/2018,14.7,82,0,725,16.8,23
18:26:30,2/4/2018,14.7,82,0,724,16.8,23
18:27:30,2/4/2018,15.7,82,0,725,16.8,23
18:28:30,2/4/2018,15.7,82,0,728,16.8,23
18:29:30,2/4/2018,15.6,82,0,730,16.8,23
18:30:30,2/4/2018,15.6,82,0,735,16.6,23
18:31:30,2/4/2018,15.9,82,0,740,16.6,23
18:32:30,2/4/2018,15.5,82,0,737,16.6,23
18:33:30,2/4/2018,15.5,82,0,738,16.6,23
18:35:30,2/4/2018,15.5,82,0,735,16.6,23
18:36:30,2/4/2018,15.4,82,0,740,16.6,23
18:37:30,2/4/2018,15.3,82,0,740,16.6,23
18:38:30,2/4/2018,15.2,82,0,737,16.5,23
18:39:30,2/4/2018,15.3,82,0,740,16.5,23
18:40:30,2/4/2018,15.2,82,0,742,16.5,23
18:41:30,2/4/2018,15.2,82,0,747,16.5,23
18:42:30,2/4/2018,15.4,83,0,745,16.5,23
18:43:30,2/4/2018,15.1,82,0,750,16.5,23
18:44:30,2/4/2018,15,82,0,750,16.5,23
18:45:30,2/4/2018,15,82,0,754,16.5,23
18:46:30,2/4/2018,14.9,82,0,752,16.5,23
18:47:30,2/4/2018,15.1,83,0,745,16.3,23
18:48:30,2/4/2018,14.8,82,0,750,16.3,23
18:49:30,2/4/2018,14.7,83,0,757,16.3,23
18:50:30,2/4/2018,14.9,82,0,757,16.3,23
18:52:30,2/4/2018,13.3,83,0,764,16.3,23
18:53:30,2/4/2018,14.6,83,0,760,16.3,23
18:54:30,2/4/2018,14.8,83,0,755,16.3,23
18:55:30,2/4/2018,15,83,0,757,16.2,23
18:56:30,2/4/2018,14.7,83,0,759,16.2,23
18:57:30,2/4/2018,14.6,83,0,762,16.2,23
18:58:30,2/4/2018,14.8,83,0,762,16.2,23
18:59:30,2/4/2018,14.7,82,0,767,16.2,23
19:00:30,2/4/2018,14.4,82,0,764,16.2,22
19:01:30,2/4/2018,14.6,82,0,764,16.2,23
19:02:30,2/4/2018,14.8,82,0,767,16.2,23
19:03:30,2/4/2018,14.6,82,0,767,16.2,23
19:04:30,2/4/2018,14.3,82,0,769,16,22
19:05:30,2/4/2018,14.5,82,0,769,16,23
19:06:30,2/4/2018,14.4,82,0,769,16,22
19:07:30,2/4/2018,14.4,82,0,767,16,22
19:08:30,2/4/2018,14.4,82,0,774,16,22
19:09:30,2/4/2018,14.4,82,0,769,16,22
19:10:30,2/4/2018,14.3,82,0,774,16,22
19:11:30,2/4/2018,14.3,82,0,779,16,22
19:12:30,2/4/2018,14.2,82,0,781,16,22
19:13:30,2/4/2018,14.1,83,0,776,16,22
19:14:30,2/4/2018,14.1,83,0,781,16,22
19:15:30,2/4/2018,14.2,83,0,779,16,22
19:16:30,2/4/2018,14,83,0,779,15.9,22
19:17:30,2/4/2018,14,83,0,779,15.9,22
19:18:30,2/4/2018,13.9,83,0,776,15.9,22
19:19:30,2/4/2018,14,83,0,779,15.9,22
19:20:30,2/4/2018,13.8,83,0,779,15.9,22
19:21:30,2/4/2018,13.9,83,0,784,15.9,22
19:22:30,2/4/2018,13.8,83,0,784,15.9,22
19:23:30,2/4/2018,13.8,83,0,786,15.9,22
19:24:30,2/4/2018,13.8,83,0,789,15.9,22
19:25:30,2/4/2018,13.7,83,0,789,15.7,22
19:26:30,2/4/2018,13.7,83,0,791,15.7,22
19:27:30,2/4/2018,13.7,83,0,789,15.7,22
19:28:30,2/4/2018,13.7,83,0,789,15.7,22
19:29:30,2/4/2018,13.6,83,0,786,15.7,22
19:30:30,2/4/2018,13.6,83,0,789,15.7,22
19:31:30,2/4/2018,13.6,83,0,798,15.7,22
19:32:30,2/4/2018,13.5,84,0,796,15.7,22
19:33:30,2/4/2018,13.5,83,0,793,15.7,22
19:34:30,2/4/2018,13.6,83,0,793,15.7,22
19:35:30,2/4/2018,13.5,84,0,798,15.6,22
19:36:30,2/4/2018,13.4,84,0,803,15.6,22
19:37:30,2/4/2018,13.3,84,0,803,15.6,22
19:38:30,2/4/2018,13.4,84,0,803,15.6,22
19:39:30,2/4/2018,13.5,83,0,798,15.6,22
19:40:30,2/4/2018,13.4,84,0,798,15.6,22
19:41:30,2/4/2018,13.3,83,0,798,15.6,22
19:42:30,2/4/2018,13.2,83,0,798,15.6,22
19:43:30,2/4/2018,13.2,84,0,798,15.6,22
19:44:30,2/4/2018,13.2,84,0,798,15.6,22
19:45:30,2/4/2018,13.1,84,0,798,15.6,22
19:46:30,2/4/2018,13.1,84,0,803,15.4,22
19:47:30,2/4/2018,13.1,84,0,808,15.4,22
19:48:30,2/4/2018,13.1,84,0,808,15.4,22
19:49:30,2/4/2018,13.2,84,0,808,15.4,22
19:50:30,2/4/2018,13,84,0,808,15.4,22
19:51:30,2/4/2018,12.6,84,0,808,15.4,22
19:52:30,2/4/2018,13.1,84,0,808,15.4,22
19:53:30,2/4/2018,13,84,0,808,15.4,22
19:54:30,2/4/2018,13,84,0,803,15.4,22
19:55:30,2/4/2018,13,84,0,808,15.4,22
19:56:30,2/4/2018,12.8,83,0,808,15.4,22
19:57:30,2/4/2018,12.9,84,0,808,15.4,22
19:58:30,2/4/2018,12.9,83,0,811,15.4,22
19:59:30,2/4/2018,12.8,83,0,815,15.4,22
20:00:30,2/4/2018,12.8,84,0,810,15.3,22
20:01:30,2/4/2018,13.6,84,0,810,15.3,22
20:02:30,2/4/2018,13,84,0,813,15.3,22
20:03:30,2/4/2018,12.8,84,0,818,15.3,22
20:04:30,2/4/2018,12.8,84,0,820,15.3,22
20:05:30,2/4/2018,12.7,84,0,820,15.3,22
20:06:30,2/4/2018,13.1,84,0,818,15.3,22
20:07:30,2/4/2018,12.7,84,0,818,15.3,22
20:08:30,2/4/2018,12.7,84,0,818,15.1,22
20:09:30,2/4/2018,12.7,84,0,817,15.1,22
20:10:30,2/4/2018,12.7,84,0,818,15.1,22
20:11:30,2/4/2018,12.7,84,0,815,15.1,22
20:12:30,2/4/2018,12.6,84,0,815,15.1,22
20:13:30,2/4/2018,12.6,84,0,818,15.1,22
20:14:30,2/4/2018,12.5,83,0,823,15.1,22
20:15:30,2/4/2018,12.5,83,0,825,15.1,22
20:16:30,2/4/2018,12.4,84,0,828,15.1,22
20:17:30,2/4/2018,12.4,84,0,828,15,22
20:18:30,2/4/2018,12.7,84,0,828,15,22
20:19:30,2/4/2018,12.4,84,0,828,15,22
20:20:30,2/4/2018,12.4,84,0,828,15,22
20:21:30,2/4/2018,12.3,84,0,830,15,22
20:22:30,2/4/2018,12.3,84,0,828,15,22
20:23:30,2/4/2018,12.4,84,0,828,15,22
20:24:30,2/4/2018,12.4,84,0,832,15,22
20:25:30,2/4/2018,12.3,84,0,827,14.8,22
20:26:30,2/4/2018,12.4,84,0,828,14.8,22
20:27:30,2/4/2018,12.3,84,0,828,14.8,22
20:28:30,2/4/2018,12.3,84,0,828,14.8,22
20:29:30,2/4/2018,12.3,84,0,828,14.8,22
20:30:30,2/4/2018,12.3,84,0,828,14.8,22
20:31:30,2/4/2018,12.4,82,0,828,14.8,22
20:32:30,2/4/2018,12.2,84,0,827,14.8,22
20:33:30,2/4/2018,12.2,84,0,835,14.8,22
20:34:30,2/4/2018,12.1,84,0,837,14.8,22
20:35:30,2/4/2018,12.2,84,0,837,14.8,22
20:36:30,2/4/2018,12.2,84,0,837,14.8,22
20:37:30,2/4/2018,12.1,84,0,840,14.7,22
20:38:30,2/4/2018,12.2,84,0,833,14.7,22
20:39:30,2/4/2018,12.2,84,0,835,14.7,22
20:40:30,2/4/2018,12.5,85,0,837,14.7,22
20:41:30,2/4/2018,12.2,80,0,837,14.7,22
20:42:30,2/4/2018,12.2,83,0,837,14.7,22
20:43:30,2/4/2018,12.2,83,0,835,14.7,22
20:44:30,2/4/2018,12.2,83,0,835,14.7,22
20:45:30,2/4/2018,12,83,0,837,14.7,22
20:46:30,2/4/2018,12.1,83,0,840,14.7,22
20:47:30,2/4/2018,12.1,83,0,840,14.7,22
20:48:30,2/4/2018,12.1,83,0,842,14.7,22
20:49:30,2/4/2018,12.2,83,0,845,14.7,22
20:50:30,2/4/2018,12,83,0,845,14.7,22
20:51:30,2/4/2018,12.1,83,0,845,14.5,22
20:52:30,2/4/2018,12.1,82,0,847,14.5,22
20:53:30,2/4/2018,11.9,82,0,847,14.5,22
20:54:30,2/4/2018,12,83,0,847,14.5,22
20:55:30,2/4/2018,12,83,0,847,14.5,22
20:56:30,2/4/2018,12,79,0,851,14.5,22
20:57:30,2/4/2018,11.8,83,0,847,14.5,22
20:58:30,2/4/2018,11.9,83,0,847,14.5,22
20:59:30,2/4/2018,11.8,83,0,847,14.5,22
21:00:30,2/4/2018,11.9,83,0,847,14.5,22
21:01:30,2/4/2018,11.8,83,0,847,14.4,22
21:02:30,2/4/2018,11.8,80,0,845,14.4,22
21:03:30,2/4/2018,11.8,83,0,852,14.4,22
21:04:30,2/4/2018,11.9,83,0,847,14.4,22
21:05:30,2/4/2018,11.7,83,0,852,14.4,22
21:06:30,2/4/2018,11.7,83,0,849,14.4,22
21:07:30,2/4/2018,11.8,83,0,847,14.4,22
21:08:30,2/4/2018,11.8,83,0,854,14.2,22
21:09:30,2/4/2018,11.7,83,0,857,14.2,22
21:10:29,2/4/2018,11.8,83,0,857,14.2,22
21:11:30,2/4/2018,12.2,83,0,867,14.2,22
21:12:30,2/4/2018,11.8,80,0,862,14.2,22
21:13:30,2/4/2018,11.7,83,0,857,14.2,22
21:14:30,2/4/2018,11.9,82,0,857,14.2,22
21:15:30,2/4/2018,11.7,82,0,857,14.2,22
21:16:30,2/4/2018,11.7,82,0,857,14.2,22
21:17:30,2/4/2018,11.7,80,0,861,14.2,22
21:18:30,2/4/2018,11.7,82,0,857,14.1,22
21:19:30,2/4/2018,11.7,82,0,859,14.1,22
21:20:30,2/4/2018,11.8,83,0,862,14.1,22
21:21:30,2/4/2018,11.8,83,0,862,14.1,22
21:22:30,2/4/2018,10.4,82,0,867,14.1,22
21:23:30,2/4/2018,11.6,83,0,862,14.1,22
21:24:30,2/4/2018,11.5,82,0,867,14.1,22
21:25:30,2/4/2018,11.6,82,0,862,14.1,22
21:26:30,2/4/2018,11.6,83,0,867,14.1,22
21:27:30,2/4/2018,11.5,82,0,867,14.1,22
21:28:29,2/4/2018,11.6,83,0,867,14.1,22
21:29:30,2/4/2018,11.6,82,0,862,14.1,22
21:30:29,2/4/2018,10.5,83,0,859,14.1,22
21:31:30,2/4/2018,11.5,82,0,864,14.1,22
21:32:30,2/4/2018,11.5,83,0,864,13.9,22
21:33:29,2/4/2018,11.4,82,0,867,13.9,22
21:34:30,2/4/2018,11.4,82,0,869,13.9,22
21:35:30,2/4/2018,11.4,83,0,872,13.9,22
21:36:30,2/4/2018,11.3,83,0,871,13.9,22
21:37:30,2/4/2018,11.2,83,0,871,13.9,22
21:38:30,2/4/2018,11.3,80,0,872,13.9,22
21:39:30,2/4/2018,11.2,83,0,871,13.9,22
21:40:30,2/4/2018,11,83,0,874,13.9,22
21:41:29,2/4/2018,11.2,83,0,871,13.9,22
21:42:29,2/4/2018,11.3,83,0,869,13.9,22
21:43:30,2/4/2018,11.1,83,0,871,13.9,22
21:44:30,2/4/2018,11.2,83,0,874,13.9,22
21:45:30,2/4/2018,11.3,83,0,876,13.9,22
21:46:30,2/4/2018,11.2,83,0,871,13.9,22
21:47:30,2/4/2018,11.2,83,0,871,13.9,22
21:48:29,2/4/2018,11.1,83,0,869,13.9,22
21:49:30,2/4/2018,11.2,83,0,874,13.9,22
21:50:30,2/4/2018,11.1,83,1,874,13.9,22
21:51:30,2/4/2018,11,83,0,876,13.8,22
21:52:30,2/4/2018,11,83,0,876,13.8,22
21:53:30,2/4/2018,11.2,81,0,876,13.8,22
21:54:30,2/4/2018,11.1,83,0,876,13.8,22
21:55:30,2/4/2018,11.2,84,0,881,13.8,22
21:56:30,2/4/2018,11,83,0,876,13.8,22
21:57:30,2/4/2018,11,83,0,879,13.8,22
21:58:30,2/4/2018,11.6,84,0,876,13.8,22
21:59:30,2/4/2018,11,83,0,874,13.8,22
22:00:29,2/4/2018,11.1,83,0,874,13.8,22
22:01:30,2/4/2018,11.1,83,0,876,13.8,22
22:03:30,2/4/2018,11.1,83,0,879,13.8,22
22:04:30,2/4/2018,11,83,0,881,13.8,22
22:05:30,2/4/2018,11,83,0,881,13.8,22
22:06:30,2/4/2018,10.9,83,0,886,13.8,22
22:08:29,2/4/2018,10.9,83,0,884,13.6,22
22:09:29,2/4/2018,10.9,83,0,881,13.6,22
22:10:30,2/4/2018,10.8,83,0,879,13.6,22
22:11:30,2/4/2018,10.9,83,0,884,13.6,22
22:12:30,2/4/2018,10.7,83,0,884,13.6,22
22:13:30,2/4/2018,10.7,83,0,888,13.6,22
22:15:29,2/4/2018,10.7,83,0,884,13.6,22
22:16:30,2/4/2018,10.7,83,0,886,13.6,22
22:17:30,2/4/2018,10.6,83,0,886,13.6,22
22:18:30,2/4/2018,10.5,84,0,889,13.6,22
22:19:30,2/4/2018,10.6,83,0,886,13.6,22
22:20:29,2/4/2018,10.5,84,0,888,13.6,22
22:21:30,2/4/2018,10.6,84,0,888,13.6,22
22:23:29,2/4/2018,10.5,84,0,888,13.6,22
22:24:30,2/4/2018,10.5,84,0,888,13.5,22
22:25:30,2/4/2018,10.4,84,0,888,13.5,22
22:26:30,2/4/2018,10.5,84,0,893,13.5,22
22:27:29,2/4/2018,10.4,83,0,896,13.5,22
22:28:29,2/4/2018,10.4,84,0,896,13.5,22
22:29:30,2/4/2018,10.5,82,0,896,13.5,22
22:30:30,2/4/2018,10.4,84,0,898,13.5,22
22:31:29,2/4/2018,10.4,84,0,896,13.5,22
22:32:29,2/4/2018,10.4,83,0,896,13.5,22
22:33:30,2/4/2018,10.3,84,0,893,13.5,22
22:34:30,2/4/2018,10.3,84,0,891,13.3,22
22:35:30,2/4/2018,10.4,84,0,893,13.3,22
22:36:29,2/4/2018,10.4,84,0,893,13.3,22
22:37:29,2/4/2018,10.4,84,0,893,13.3,22
22:38:30,2/4/2018,10.2,84,0,891,13.3,22
22:39:30,2/4/2018,10.4,84,0,893,13.3,22
22:40:29,2/4/2018,10.4,83,0,896,13.3,22
22:41:30,2/4/2018,10.4,83,0,896,13.3,22
22:42:30,2/4/2018,10.4,83,0,896,13.3,22
22:43:29,2/4/2018,10.4,83,0,898,13.3,22
22:44:30,2/4/2018,8.7,84,0,896,13.3,22
22:45:29,2/4/2018,10.2,83,0,893,13.3,22
22:46:30,2/4/2018,10.5,83,0,896,13.3,22
22:47:30,2/4/2018,10.2,83,0,896,13.2,22
22:48:30,2/4/2018,10.3,83,0,898,13.2,22
22:49:30,2/4/2018,10.4,83,0,896,13.2,22
22:50:30,2/4/2018,10.3,83,0,898,13.2,22
22:51:29,2/4/2018,10.3,83,0,901,13.2,22
22:52:29,2/4/2018,10.5,83,0,903,13.2,22
22:53:29,2/4/2018,10.3,83,0,903,13.2,22
22:54:30,2/4/2018,10.2,84,0,905,13.2,22
22:55:29,2/4/2018,10.3,83,0,896,13.2,22
22:56:29,2/4/2018,10.5,84,0,896,13.2,22
22:57:29,2/4/2018,10.3,83,0,893,13.2,22
22:58:30,2/4/2018,10.4,83,0,896,13.2,22
22:59:29,2/4/2018,10.3,83,0,898,13,22
23:00:29,2/4/2018,10.3,83,0,898,13,22
23:01:29,2/4/2018,10.3,83,0,908,13,22
23:02:29,2/4/2018,10.3,82,0,905,13,22
23:03:29,2/4/2018,10.3,82,0,905,13,22
23:04:30,2/4/2018,10.3,82,0,906,13,22
23:05:30,2/4/2018,10.2,83,0,903,13,22
23:06:30,2/4/2018,10.3,83,0,903,13,22
23:07:29,2/4/2018,10.2,83,0,905,13,22
23:08:29,2/4/2018,10.1,83,0,906,13,22
23:09:30,2/4/2018,10.2,83,0,905,13,22
23:10:29,2/4/2018,10.2,83,0,905,13,22
23:11:29,2/4/2018,10.3,83,0,903,13,22
23:12:29,2/4/2018,10.2,82,0,905,13,22
23:13:30,2/4/2018,10.2,83,0,906,13,22
23:15:30,2/4/2018,10.2,83,0,908,13,22
23:16:29,2/4/2018,10.1,83,0,908,13,22
23:17:29,2/4/2018,10.2,84,0,905,12.9,22
23:18:29,2/4/2018,10.1,83,0,905,13,22
23:19:29,2/4/2018,10.1,82,0,903,12.9,22
23:20:30,2/4/2018,10.2,83,0,901,12.9,22
23:21:30,2/4/2018,10,82,0,906,12.9,22
23:22:29,2/4/2018,10.2,82,0,905,12.9,22
23:23:29,2/4/2018,10,83,0,903,12.9,22
23:24:29,2/4/2018,10,83,0,908,12.9,22
23:25:30,2/4/2018,9.9,83,0,908,12.9,22
23:26:29,2/4/2018,9.9,80,0,906,12.9,22
23:27:29,2/4/2018,10.2,80,0,905,12.9,22
23:28:30,2/4/2018,10,83,0,906,12.9,22
23:29:29,2/4/2018,10.6,83,0,905,12.9,22
23:30:30,2/4/2018,9.9,83,0,905,12.9,22
23:32:29,2/4/2018,9.7,83,0,906,12.7,22
23:33:29,2/4/2018,9.9,83,0,908,12.7,22
23:34:29,2/4/2018,10.2,83,0,905,12.7,22
23:35:30,2/4/2018,9.8,83,0,903,12.7,22
23:36:29,2/4/2018,9.8,83,0,905,12.7,22
23:37:29,2/4/2018,9.8,83,0,909,12.7,22
23:38:29,2/4/2018,9.9,83,0,908,12.7,22
23:39:30,2/4/2018,10.4,83,0,903,12.7,22
23:40:30,2/4/2018,9.8,83,0,905,12.7,22
23:41:29,2/4/2018,9.7,83,0,908,12.7,22
23:42:29,2/4/2018,9.8,83,0,905,12.7,22
23:44:29,2/4/2018,9.8,83,0,910,12.7,22
23:45:29,2/4/2018,9.8,83,0,905,12.7,22
23:46:29,2/4/2018,9.8,83,0,913,12.6,22
23:47:29,2/4/2018,9.7,82,0,903,12.6,22
23:48:29,2/4/2018,9.8,83,0,908,12.5,22
23:49:29,2/4/2018,9.9,83,0,908,12.6,22
23:50:29,2/4/2018,8.1,83,0,910,12.6,22
23:51:29,2/4/2018,9.6,83,0,908,12.6,22
23:53:29,2/4/2018,9.8,83,0,915,12.6,22
23:54:29,2/4/2018,9.8,83,0,910,12.6,22
23:55:29,2/4/2018,9.8,83,0,910,12.6,22
23:56:29,2/4/2018,9.8,83,0,910,12.6,22
23:57:29,2/4/2018,9.7,83,0,913,12.6,22
23:58:29,2/4/2018,9.8,83,0,910,12.6,22
23:59:30,2/4/2018,9.7,83,0,913,12.6,22
0:00:29,2/5/2018,9.6,83,0,915,12.6,22
0:01:29,2/5/2018,9.7,83,0,915,12.4,22
0:02:30,2/5/2018,7.6,83,0,915,12.4,22
0:03:30,2/5/2018,9.6,83,0,913,12.4,22
0:04:30,2/5/2018,9.8,83,0,906,12.4,22
0:05:29,2/5/2018,9.5,82,0,913,12.4,22
0:06:29,2/5/2018,9.7,83,0,913,12.4,22
0:07:29,2/5/2018,9.7,82,0,910,12.4,22
0:08:29,2/5/2018,9.7,83,0,910,12.4,22
0:09:29,2/5/2018,9.6,83,0,910,12.4,22
0:10:29,2/5/2018,9.6,82,0,905,12.4,22
0:11:30,2/5/2018,9.7,82,0,906,12.4,22
0:12:29,2/5/2018,9.7,82,0,906,12.4,22
0:13:29,2/5/2018,9.4,83,0,905,12.4,22
0:14:29,2/5/2018,9.7,82,0,906,12.4,22
0:15:30,2/5/2018,9.7,82,0,913,12.3,22
0:16:30,2/5/2018,9.7,82,0,910,12.3,22
0:18:29,2/5/2018,9.7,82,0,905,12.3,22
0:19:29,2/5/2018,9.6,82,0,905,12.3,22
0:20:29,2/5/2018,9.7,82,0,910,12.3,22
0:21:29,2/5/2018,9.6,82,0,906,12.3,22
0:23:29,2/5/2018,9.7,82,0,908,12.3,22
0:24:29,2/5/2018,9.7,82,0,908,12.3,22
0:25:29,2/5/2018,9.6,81,0,908,12.3,22
0:26:29,2/5/2018,9.7,81,0,908,12.3,22
0:27:29,2/5/2018,9.5,81,0,910,12.3,22
0:28:29,2/5/2018,9.6,81,0,908,12.3,22
0:29:29,2/5/2018,9.8,81,0,910,12.3,22
0:30:29,2/5/2018,9.6,81,0,910,12.3,22
0:41:29,2/5/2018,9.4,81,0,905,12.1,22
0:42:29,2/5/2018,9.4,82,0,905,12.1,22
0:43:29,2/5/2018,9.5,82,0,903,12.1,22
0:44:30,2/5/2018,9.5,81,0,903,12.1,22
0:45:29,2/5/2018,9.5,82,0,905,12.1,22
0:46:29,2/5/2018,9.5,82,0,901,12.1,22
0:48:29,2/5/2018,9.4,81,0,908,12.1,22
0:49:29,2/5/2018,9.4,81,0,910,12.1,22
0:50:29,2/5/2018,9.4,81,0,913,12.1,22
0:51:29,2/5/2018,9.1,81,0,908,12.1,22
0:52:29,2/5/2018,9.4,81,0,913,12.1,22
0:53:29,2/5/2018,9.4,81,0,910,12.1,22
0:54:29,2/5/2018,9.4,81,0,913,12.1,22
0:55:29,2/5/2018,9.3,83,0,910,12.1,22
0:56:29,2/5/2018,9.2,81,0,910,12.1,22
0:58:29,2/5/2018,9.3,81,0,910,12.1,22
0:59:29,2/5/2018,9.3,81,0,910,12.1,22
1:00:29,2/5/2018,9.2,82,0,913,11.9,22
1:01:29,2/5/2018,9.4,82,0,905,12,22
1:02:29,2/5/2018,9.3,81,0,908,12,22
1:03:29,2/5/2018,9.3,81,0,915,12,22
1:04:29,2/5/2018,9.2,81,0,915,12,22
1:05:29,2/5/2018,9.2,81,0,910,12,22
1:06:29,2/5/2018,9.2,81,0,903,12,22
1:07:30,2/5/2018,9.2,82,0,908,11.9,22
1:08:29,2/5/2018,7.7,82,0,908,11.9,22
1:09:29,2/5/2018,9.4,81,0,905,11.9,22
1:10:29,2/5/2018,9.1,82,0,911,12,22
1:11:29,2/5/2018,9.2,81,0,910,11.9,22
1:12:29,2/5/2018,9.1,81,0,913,11.9,22
1:13:29,2/5/2018,9.2,82,0,910,11.9,22
1:14:29,2/5/2018,9.1,81,0,913,11.9,22
1:15:29,2/5/2018,9.2,81,0,915,12,22
1:16:29,2/5/2018,9.2,81,0,913,11.9,22
1:17:29,2/5/2018,9.1,81,0,910,12,22
1:18:29,2/5/2018,9.3,81,0,908,12,22
1:19:29,2/5/2018,9.2,81,0,906,11.9,22
1:20:29,2/5/2018,9.1,81,0,905,12,22
1:21:29,2/5/2018,9.1,81,0,905,12,22
1:22:29,2/5/2018,9.5,81,0,908,12,22
1:23:29,2/5/2018,9.2,81,0,905,12,22
1:24:29,2/5/2018,9.2,81,0,901,11.9,22
1:25:29,2/5/2018,9.2,81,0,903,12,22
1:26:29,2/5/2018,9.2,81,0,906,12,22
1:27:29,2/5/2018,9.2,81,0,908,12,22
1:28:29,2/5/2018,9.2,81,0,908,11.8,22
1:29:29,2/5/2018,9.1,81,0,910,12,22
1:30:29,2/5/2018,9.1,81,0,905,11.8,22
1:31:29,2/5/2018,9.1,81,0,903,11.8,22
1:32:29,2/5/2018,9.2,81,0,905,11.8,22
1:33:29,2/5/2018,9,81,0,908,11.8,22
1:34:29,2/5/2018,9.1,81,0,908,11.8,22
1:35:29,2/5/2018,8.8,81,0,903,11.8,22
1:36:29,2/5/2018,9.9,81,0,905,11.8,22
1:37:29,2/5/2018,9,81,0,906,11.8,22
1:38:29,2/5/2018,9.1,81,0,908,11.8,22
1:39:29,2/5/2018,9,81,0,905,11.8,22
1:40:29,2/5/2018,9,81,0,906,11.8,22
1:41:29,2/5/2018,9,81,0,906,11.8,22
1:42:29,2/5/2018,9,80,0,903,11.8,22
1:43:29,2/5/2018,9,81,0,901,11.8,22
1:44:29,2/5/2018,9.1,81,0,898,11.8,22
1:45:29,2/5/2018,9,81,0,896,11.8,22
1:46:29,2/5/2018,9,81,0,901,11.8,22
1:47:29,2/5/2018,9.2,81,0,898,11.8,22
1:48:29,2/5/2018,9,81,0,896,11.8,22
1:49:29,2/5/2018,8.8,81,0,896,11.8,22
1:50:29,2/5/2018,8.8,80,0,898,12,22
1:51:29,2/5/2018,8.9,80,0,898,11.8,22
1:52:29,2/5/2018,9,80,0,896,11.8,22
1:53:29,2/5/2018,8.9,80,0,896,11.8,22
1:54:29,2/5/2018,8.8,80,0,896,11.8,22
1:55:29,2/5/2018,8.8,81,0,893,11.8,22
1:56:29,2/5/2018,8.9,80,0,896,11.8,22
1:57:29,2/5/2018,8.8,80,0,896,11.8,22
1:58:29,2/5/2018,8.8,80,0,898,11.8,22
1:59:29,2/5/2018,8.9,80,0,901,11.8,22
2:00:29,2/5/2018,8.8,80,0,903,11.8,22
2:01:29,2/5/2018,8.9,80,0,898,11.8,22
2:02:29,2/5/2018,8.9,80,0,898,11.8,22
2:03:29,2/5/2018,8.8,80,0,905,11.8,22
2:04:29,2/5/2018,8.8,80,0,901,11.8,22
2:05:29,2/5/2018,8.8,80,0,898,11.6,22
2:06:29,2/5/2018,8.5,80,0,896,11.6,22
2:07:29,2/5/2018,8.8,80,0,896,11.6,22
2:08:29,2/5/2018,8.8,80,0,896,11.7,22
2:09:29,2/5/2018,6.7,81,0,896,11.6,22
2:10:29,2/5/2018,8.8,80,0,896,11.6,22
2:11:29,2/5/2018,8.7,80,0,896,11.6,22
2:12:29,2/5/2018,8.8,80,0,896,11.6,22
2:13:29,2/5/2018,8.7,80,0,891,11.7,22
2:14:29,2/5/2018,8.5,80,0,893,11.6,22
2:15:29,2/5/2018,8.7,80,0,903,11.6,22
2:16:29,2/5/2018,8.7,80,0,898,11.6,22
2:17:29,2/5/2018,8.6,80,0,896,11.6,22
2:18:29,2/5/2018,8.7,80,0,891,11.6,22
2:19:29,2/5/2018,8.7,80,0,893,11.6,22
2:20:29,2/5/2018,8.6,80,0,891,11.6,22
2:21:29,2/5/2018,8.7,80,0,886,11.6,22
2:22:29,2/5/2018,8.6,80,0,891,11.6,22
2:23:29,2/5/2018,8.7,80,0,891,11.7,22
2:24:29,2/5/2018,8.7,80,0,891,11.6,22
2:25:29,2/5/2018,8.7,80,0,893,11.6,22
2:26:29,2/5/2018,8.7,80,0,889,11.5,22
2:27:29,2/5/2018,8.6,80,0,884,11.5,22
2:28:29,2/5/2018,9.2,80,0,884,11.5,22
2:29:29,2/5/2018,8.6,80,0,879,11.5,22
2:30:29,2/5/2018,8.6,80,0,882,11.5,22
2:31:29,2/5/2018,8.6,80,0,881,11.5,22
2:32:29,2/5/2018,8.5,80,0,886,11.5,22
2:33:29,2/5/2018,8.6,80,0,886,11.5,22
2:34:29,2/5/2018,8.6,80,0,889,11.5,22
2:35:29,2/5/2018,8.3,81,0,893,11.5,22
2:36:29,2/5/2018,8.5,80,0,891,11.5,22
2:37:29,2/5/2018,8.5,80,0,889,11.5,22
2:38:29,2/5/2018,8.6,80,0,891,11.5,22
2:39:29,2/5/2018,8.6,80,0,889,11.5,22
2:40:29,2/5/2018,8.5,80,0,891,11.5,22
2:41:29,2/5/2018,8.4,80,0,879,11.5,22
2:42:29,2/5/2018,8.4,80,0,886,11.5,22
2:43:29,2/5/2018,8.4,80,0,889,11.5,22
2:44:29,2/5/2018,8.4,80,0,889,11.5,22
2:45:29,2/5/2018,8.4,80,0,889,11.5,22
2:46:29,2/5/2018,8,81,0,889,11.5,22
2:47:29,2/5/2018,8.2,81,0,886,11.5,22
2:48:29,2/5/2018,6.4,81,0,891,11.5,22
2:49:29,2/5/2018,8.2,81,0,894,11.5,22
2:50:29,2/5/2018,8.3,81,0,894,11.4,22
2:51:29,2/5/2018,8.1,81,0,889,11.4,22
2:52:29,2/5/2018,8.4,81,0,884,11.3,22
2:53:29,2/5/2018,8.3,81,0,886,11.3,22
2:54:29,2/5/2018,8.3,81,0,891,11.3,22
2:55:29,2/5/2018,8.2,81,0,891,11.3,22
2:56:29,2/5/2018,8.2,81,0,894,11.3,22
2:57:29,2/5/2018,8.2,81,0,891,11.3,22
2:58:29,2/5/2018,6.3,82,0,889,11.3,22
2:59:29,2/5/2018,8,81,0,889,11.3,22
3:00:29,2/5/2018,8.2,82,0,889,11.3,22
3:01:29,2/5/2018,7.9,82,0,894,11.3,22
3:02:29,2/5/2018,8.1,81,0,896,11.4,22
3:03:29,2/5/2018,8,81,0,896,11.4,22
3:04:29,2/5/2018,8,82,0,894,11.3,22
3:05:29,2/5/2018,8.2,82,0,896,11.3,22
3:06:29,2/5/2018,8,82,0,894,11.3,22
3:07:29,2/5/2018,8,82,0,894,11.3,22
3:08:29,2/5/2018,8.1,82,0,896,11.3,22
3:09:29,2/5/2018,8.2,82,0,896,11.2,22
3:10:29,2/5/2018,8.1,82,0,891,11.2,22
3:11:29,2/5/2018,8,82,0,891,11.2,22
3:12:29,2/5/2018,8.1,82,0,889,11.2,22
3:13:29,2/5/2018,8.2,82,0,889,11.2,22
3:14:29,2/5/2018,7.8,82,0,887,11.2,22
3:15:29,2/5/2018,8,82,0,886,11.2,22
3:16:29,2/5/2018,8.1,81,0,891,11.2,22
3:17:29,2/5/2018,8.1,82,0,889,11.2,22
3:18:29,2/5/2018,8,82,0,887,11.2,22
3:19:29,2/5/2018,8.3,82,0,886,11.2,22
3:20:29,2/5/2018,8,81,0,891,11.2,22
3:21:29,2/5/2018,8.2,81,0,889,11.2,22
3:22:29,2/5/2018,8,81,0,891,11.2,22
3:23:29,2/5/2018,8.2,81,0,889,11.2,22
3:24:29,2/5/2018,8.1,81,0,887,11.2,22
3:25:29,2/5/2018,7.9,81,0,894,11.2,22
3:26:29,2/5/2018,8,81,0,891,11.2,22
3:27:29,2/5/2018,8.1,78,0,891,11.2,22
3:28:29,2/5/2018,8,81,0,894,11.2,22
3:29:29,2/5/2018,8,81,0,887,11.2,22
3:30:29,2/5/2018,8.5,81,0,892,11.2,22
3:31:29,2/5/2018,8.1,81,0,894,11.2,22
3:32:29,2/5/2018,7.9,81,0,896,11.2,22
3:33:29,2/5/2018,7.9,81,0,896,11.2,22
3:34:29,2/5/2018,8,81,0,891,11.2,22
3:35:29,2/5/2018,7.9,81,0,894,11.2,22
3:36:29,2/5/2018,7.9,81,0,891,11.2,22
3:37:29,2/5/2018,7.8,81,0,889,11,22
3:38:29,2/5/2018,7.7,81,0,887,11.2,22
3:39:29,2/5/2018,7.9,81,0,887,11.1,22
3:40:29,2/5/2018,7.8,81,0,887,11.1,22
3:41:29,2/5/2018,7.9,81,0,887,11,22
3:42:29,2/5/2018,7.3,82,0,889,11.1,22
3:43:29,2/5/2018,7.8,81,0,889,11.1,22
3:44:29,2/5/2018,8,81,0,887,11.1,22
3:45:29,2/5/2018,8,81,0,884,11,22
3:46:29,2/5/2018,7.9,81,1,884,11.1,22
3:47:29,2/5/2018,7.9,81,0,889,11.1,22
3:48:29,2/5/2018,7.8,81,0,884,11.1,22
3:49:29,2/5/2018,7.9,81,0,887,11,22
3:50:29,2/5/2018,7.9,81,0,886,11.1,22
3:51:29,2/5/2018,7.6,81,0,882,11.1,22
3:52:29,2/5/2018,7.8,81,0,887,11.1,22
3:53:29,2/5/2018,7.8,78,0,887,11.1,22
3:54:29,2/5/2018,7.5,81,0,891,11,22
3:55:29,2/5/2018,7.8,81,0,887,11.1,22
3:56:29,2/5/2018,7.7,81,0,884,11,22
3:57:29,2/5/2018,8,81,0,887,11,22
3:58:29,2/5/2018,7.5,81,0,887,11,22
3:59:29,2/5/2018,7.6,81,0,887,11,22
4:00:29,2/5/2018,7.5,81,0,887,11.1,22
4:01:29,2/5/2018,7.6,81,0,887,11,22
4:02:29,2/5/2018,7.6,81,0,882,11,22
4:03:29,2/5/2018,7.5,81,0,889,11.1,22
4:04:29,2/5/2018,7.6,81,0,887,11.1,22
4:05:29,2/5/2018,7.7,81,0,886,11,22
4:06:29,2/5/2018,7.7,81,0,889,11,22
4:07:29,2/5/2018,6.9,82,0,889,11.1,22
4:08:29,2/5/2018,7.7,81,0,889,11.1,22
4:09:29,2/5/2018,7.6,81,0,889,10.9,22
4:10:29,2/5/2018,7.6,81,0,889,10.9,22
4:11:29,2/5/2018,7.6,81,0,889,10.9,22
4:12:29,2/5/2018,7.6,81,0,889,10.9,22
4:13:29,2/5/2018,7.6,81,0,894,10.9,22
4:14:29,2/5/2018,7.6,81,0,889,10.9,22
4:15:29,2/5/2018,6.3,82,0,887,10.9,22
4:16:29,2/5/2018,7.5,81,0,884,10.9,22
4:17:29,2/5/2018,7.5,81,0,884,10.9,22
4:18:29,2/5/2018,7.6,81,0,884,10.9,22
4:19:29,2/5/2018,7.6,81,0,879,10.9,22
4:20:29,2/5/2018,7.6,81,0,886,10.9,22
4:21:29,2/5/2018,7.6,81,0,887,10.9,22
4:22:29,2/5/2018,7.6,81,0,887,10.9,22
4:23:29,2/5/2018,7.4,81,0,887,10.9,22
4:24:29,2/5/2018,7.4,81,0,887,10.9,22
4:26:29,2/5/2018,7.3,81,0,884,10.9,22
4:27:29,2/5/2018,7.4,81,0,884,10.9,22
4:28:29,2/5/2018,7.4,81,0,887,10.9,22
4:29:29,2/5/2018,7.4,81,0,884,10.9,22
4:30:29,2/5/2018,7.4,78,0,884,10.9,22
4:31:29,2/5/2018,7.3,82,0,884,10.7,22
4:32:29,2/5/2018,7.3,82,0,887,10.7,22
4:33:29,2/5/2018,7.3,82,0,889,10.7,22
4:34:29,2/5/2018,7.2,82,0,887,10.7,22
4:35:29,2/5/2018,7.3,82,0,887,10.7,22
4:36:29,2/5/2018,7.3,82,0,887,10.7,22
4:37:29,2/5/2018,7.3,82,0,887,10.7,22
4:38:29,2/5/2018,7.3,79,0,891,10.7,22
4:39:29,2/5/2018,7.2,82,0,891,10.7,22
4:40:29,2/5/2018,7.3,82,0,889,10.7,22
4:41:29,2/5/2018,7.3,82,0,892,10.7,22
4:42:29,2/5/2018,7.4,82,0,891,10.8,22
4:43:29,2/5/2018,7.4,82,0,889,10.7,22
4:44:29,2/5/2018,7.3,82,0,889,10.7,22
4:45:29,2/5/2018,7.3,82,0,891,10.7,22
4:46:29,2/5/2018,7.3,82,0,892,10.7,22
4:47:29,2/5/2018,7.5,82,0,892,10.7,22
4:48:29,2/5/2018,7.3,82,0,889,10.7,22
4:49:29,2/5/2018,7.3,82,0,889,10.7,22
4:50:29,2/5/2018,7.3,82,0,891,10.7,22
4:51:29,2/5/2018,7.3,82,0,889,10.7,22
4:52:29,2/5/2018,7.3,81,0,889,10.7,22
4:53:29,2/5/2018,7.2,82,0,884,10.7,22
4:54:29,2/5/2018,7.4,81,0,887,10.7,22
4:55:29,2/5/2018,7.3,81,0,886,10.7,22
4:56:29,2/5/2018,6.7,82,0,884,10.7,22
4:57:29,2/5/2018,7.2,81,0,881,10.6,22
4:58:29,2/5/2018,7.4,81,0,882,10.6,22
4:59:29,2/5/2018,7.3,81,0,879,10.6,22
5:00:29,2/5/2018,7.3,81,0,887,10.6,22
5:01:29,2/5/2018,7.1,81,0,887,10.6,22
5:02:29,2/5/2018,7.2,81,0,889,10.6,22
5:03:29,2/5/2018,5.7,82,0,889,10.6,22
5:04:29,2/5/2018,7,81,0,889,10.6,22
5:05:29,2/5/2018,7.2,81,0,889,10.6,22
5:06:29,2/5/2018,7.2,82,0,889,10.6,22
5:07:29,2/5/2018,7.1,82,0,887,10.6,22
5:08:29,2/5/2018,6.9,82,0,887,10.6,22
5:09:29,2/5/2018,7.1,82,0,889,10.6,22
5:10:29,2/5/2018,7.1,82,0,889,10.6,22
5:11:29,2/5/2018,5.9,82,0,889,10.6,22
5:12:29,2/5/2018,6.8,82,0,886,10.6,22
5:13:29,2/5/2018,7.1,82,0,884,10.6,22
5:14:29,2/5/2018,6.9,82,0,884,10.6,22
5:15:29,2/5/2018,7,82,0,884,10.6,22
5:16:29,2/5/2018,7,82,0,884,10.6,22
5:17:29,2/5/2018,7,82,0,879,10.5,22
5:18:29,2/5/2018,7,79,0,882,10.5,22
5:19:29,2/5/2018,6.9,82,0,884,10.4,22
5:20:29,2/5/2018,6.8,81,0,896,10.5,22
5:21:29,2/5/2018,5.7,83,0,891,10.6,22
5:22:29,2/5/2018,7,82,0,889,10.4,22
5:24:29,2/5/2018,7,82,0,884,10.5,22
5:25:29,2/5/2018,6.9,82,0,891,10.4,22
5:27:29,2/5/2018,7,82,0,884,10.4,22
5:28:29,2/5/2018,6.9,82,0,887,10.5,22
5:29:29,2/5/2018,7,82,0,887,10.5,22
5:30:29,2/5/2018,7,82,0,884,10.4,22
5:31:29,2/5/2018,6.9,82,0,887,10.5,22
5:32:29,2/5/2018,7,82,0,889,10.5,22
5:33:29,2/5/2018,6.9,82,0,889,10.4,22
5:34:29,2/5/2018,7,82,0,889,10.4,22
5:35:29,2/5/2018,6.9,82,1,886,10.4,22
5:36:29,2/5/2018,6.8,82,0,887,10.4,22
5:37:29,2/5/2018,7,82,0,891,10.5,22
5:39:29,2/5/2018,7,82,0,892,10.5,22
5:40:29,2/5/2018,7,82,0,889,10.5,22
5:41:29,2/5/2018,7,82,0,894,10.5,22
5:43:29,2/5/2018,6.8,82,1,896,10.5,22
5:44:29,2/5/2018,6.7,82,0,896,10.4,22
5:45:29,2/5/2018,6.8,82,0,896,10.4,22
5:46:29,2/5/2018,6.7,81,1,896,10.5,22
5:47:29,2/5/2018,7.1,83,0,897,10.4,22
5:48:29,2/5/2018,6.7,82,1,896,10.3,22
5:49:29,2/5/2018,6.9,82,0,894,10.3,22
5:50:29,2/5/2018,6.8,82,0,891,10.3,22
5:51:29,2/5/2018,6.8,82,0,889,10.3,22
5:52:29,2/5/2018,6.8,82,0,891,10.3,21
5:53:29,2/5/2018,6.7,82,1,896,10.3,22
5:54:28,2/5/2018,5.6,82,0,890,10.3,22
5:55:28,2/5/2018,6.7,82,0,896,10.3,22
5:56:28,2/5/2018,6.6,82,1,896,10.3,22
5:57:29,2/5/2018,6.7,82,0,899,10.3,22
5:58:29,2/5/2018,6.6,82,0,897,10.3,22
5:59:29,2/5/2018,6.7,82,0,896,10.3,22
6:00:29,2/5/2018,6.7,82,0,896,10.3,22
6:01:28,2/5/2018,6.5,82,1,896,10.3,22
6:02:29,2/5/2018,6.7,82,0,896,10.3,22
6:03:29,2/5/2018,6.6,82,0,896,10.3,22
6:04:29,2/5/2018,6.7,82,1,894,10.3,22
6:05:29,2/5/2018,6.6,82,0,894,10.3,22
6:06:28,2/5/2018,6.5,82,0,894,10.2,22
6:07:28,2/5/2018,6.5,82,0,896,10.1,22
6:08:29,2/5/2018,6.5,82,0,896,10.2,22
6:09:29,2/5/2018,6.5,82,1,896,10.2,22
6:10:29,2/5/2018,6.5,82,1,896,10.1,22
6:11:29,2/5/2018,6.5,83,0,900,10.2,22
6:12:29,2/5/2018,6.5,82,0,901,10.2,22
6:13:28,2/5/2018,6.4,82,1,901,10.1,22
6:14:29,2/5/2018,6.5,82,1,901,10.1,22
6:15:29,2/5/2018,5.1,82,1,906,10.1,21
6:16:29,2/5/2018,6.3,82,0,906,10.1,22
6:17:29,2/5/2018,6.3,82,1,901,10.1,22
6:18:28,2/5/2018,6.3,83,1,901,10.1,22
6:19:28,2/5/2018,6.3,83,0,907,10.2,22
6:20:28,2/5/2018,6,83,0,906,10.2,22
6:21:29,2/5/2018,6.3,83,1,906,10.1,21
6:22:28,2/5/2018,6.3,83,1,906,10.2,22
6:23:29,2/5/2018,6.3,80,0,909,10.2,22
6:24:28,2/5/2018,6.1,83,0,911,10,21
6:25:29,2/5/2018,6.3,83,1,904,10,22
6:26:29,2/5/2018,6.2,83,0,901,10,22
6:27:28,2/5/2018,6.2,83,0,904,10.1,22
6:28:29,2/5/2018,6.1,83,0,906,10,21
6:29:29,2/5/2018,6,83,1,911,10,22
6:30:29,2/5/2018,6.1,83,0,916,10,22
6:31:29,2/5/2018,6,83,0,913,10,21
6:32:29,2/5/2018,6,83,0,904,10,22
6:33:28,2/5/2018,6,83,0,906,10,22
6:34:28,2/5/2018,6,83,0,906,10,22
6:35:29,2/5/2018,6,83,0,906,10,22
6:36:28,2/5/2018,4.5,84,0,908,10,22
6:37:29,2/5/2018,6,83,0,911,10,22
6:38:28,2/5/2018,6,83,0,908,10,22
6:39:28,2/5/2018,6,83,1,906,10,22
6:40:28,2/5/2018,6.1,83,1,906,10,22
6:41:28,2/5/2018,6,83,0,910,10,21
6:42:29,2/5/2018,6.1,84,1,911,9.8,22
6:43:28,2/5/2018,6,83,1,910,9.9,21
6:44:28,2/5/2018,6,83,0,912,9.8,21
6:45:28,2/5/2018,6,83,0,913,9.9,21
6:46:28,2/5/2018,6.1,83,1,909,9.9,21
6:47:29,2/5/2018,5.9,83,0,913,9.8,21
6:48:29,2/5/2018,5.9,83,0,908,9.9,21
6:49:29,2/5/2018,6,83,0,911,9.9,21
6:50:28,2/5/2018,5.9,83,0,906,9.9,21
6:51:29,2/5/2018,5.9,83,0,899,9.9,21
6:52:28,2/5/2018,6.2,83,0,903,9.9,21
6:53:29,2/5/2018,6.1,83,0,907,9.8,21
6:54:29,2/5/2018,5.9,83,1,906,9.8,21
6:55:28,2/5/2018,5.9,83,1,906,9.8,21
6:56:28,2/5/2018,5.9,83,0,904,9.9,21
6:57:28,2/5/2018,5.9,83,0,906,9.8,21
6:58:29,2/5/2018,5.9,83,0,906,9.8,21
6:59:28,2/5/2018,5.8,83,1,906,9.9,21
7:00:28,2/5/2018,5.9,83,0,906,9.9,21
7:01:29,2/5/2018,5.9,82,0,908,9.9,21
7:02:29,2/5/2018,5.8,81,0,911,9.9,21
7:03:29,2/5/2018,5.8,83,1,914,9.8,21
7:04:28,2/5/2018,5.9,83,0,911,9.8,21
7:05:29,2/5/2018,5.8,83,0,911,9.8,21
7:06:29,2/5/2018,6,83,0,911,9.8,21
7:07:28,2/5/2018,6.4,83,1,909,9.9,21
7:08:28,2/5/2018,5.8,83,0,908,9.8,21
7:09:28,2/5/2018,6.1,83,1,909,9.8,21
7:10:28,2/5/2018,5.9,82,0,909,9.8,21
7:11:28,2/5/2018,6,83,0,906,9.9,21
7:12:28,2/5/2018,6,82,1,908,9.9,21
7:13:29,2/5/2018,5.9,82,1,909,9.8,21
7:14:28,2/5/2018,6,80,0,906,9.9,21
7:16:29,2/5/2018,6,82,0,903,9.7,21
7:17:28,2/5/2018,6,82,1,911,9.7,21
7:18:28,2/5/2018,6.6,82,0,909,9.7,21
7:19:28,2/5/2018,6,82,0,910,9.7,21
7:20:28,2/5/2018,5.9,82,0,913,9.7,21
7:21:28,2/5/2018,5.9,82,0,909,9.7,21
7:22:29,2/5/2018,5.9,82,0,909,9.7,21
7:23:28,2/5/2018,5.8,82,0,911,9.7,21
7:24:28,2/5/2018,4.8,82,0,908,9.7,21
7:25:28,2/5/2018,5.8,82,0,913,9.7,21
7:26:29,2/5/2018,5.9,82,0,913,9.7,21
7:27:28,2/5/2018,5.8,82,0,911,9.7,21
7:28:28,2/5/2018,5.7,82,1,911,9.7,21
7:29:29,2/5/2018,5.8,82,1,916,9.7,21
7:30:28,2/5/2018,5.9,82,1,920,9.7,21
7:31:29,2/5/2018,5.9,82,0,916,9.7,21
7:32:28,2/5/2018,5.9,82,1,911,9.7,21
7:33:28,2/5/2018,5.9,83,0,911,9.7,21
7:34:29,2/5/2018,5.8,82,0,915,9.7,21
7:35:29,2/5/2018,6.5,82,1,916,9.7,21
7:36:29,2/5/2018,5.7,82,0,913,9.7,21
7:38:28,2/5/2018,5.7,82,1,913,9.7,21
7:39:28,2/5/2018,5.7,82,0,915,9.7,21
7:40:28,2/5/2018,5.7,82,0,913,9.5,21
7:41:29,2/5/2018,5.7,82,0,913,9.5,21
7:42:28,2/5/2018,5.7,82,0,911,9.5,21
7:43:28,2/5/2018,5.8,82,1,911,9.5,21
7:44:28,2/5/2018,5.7,82,0,915,9.6,21
7:45:28,2/5/2018,5.6,82,0,913,9.6,21
7:46:28,2/5/2018,5.7,82,0,911,9.5,21
7:48:28,2/5/2018,5.7,83,1,915,9.5,21
7:49:28,2/5/2018,5.6,83,0,916,9.5,21
7:51:28,2/5/2018,5.9,84,1,916,9.5,21
7:52:28,2/5/2018,5.5,83,0,916,9.6,21
7:53:28,2/5/2018,5.5,83,1,916,9.5,21
7:54:28,2/5/2018,5.6,83,1,913,9.6,21
7:55:28,2/5/2018,5.6,83,0,916,9.5,21
7:56:28,2/5/2018,5.6,84,0,911,9.5,21
7:57:29,2/5/2018,5.7,81,0,911,9.5,21
7:58:28,2/5/2018,5.7,84,1,911,9.5,21
7:59:28,2/5/2018,5.6,84,0,911,9.5,21
8:00:28,2/5/2018,5.6,84,0,911,9.5,21
8:01:28,2/5/2018,5.7,83,0,908,9.5,21
8:02:29,2/5/2018,5.8,84,0,913,9.6,21
8:03:28,2/5/2018,5.6,83,1,913,9.5,21
8:04:28,2/5/2018,5.8,84,0,916,9.6,21
8:05:28,2/5/2018,5.7,84,1,916,9.5,21
8:06:28,2/5/2018,5.8,83,0,915,9.5,21
8:07:28,2/5/2018,5.8,84,0,916,9.5,21
8:08:28,2/5/2018,4.7,84,0,916,9.6,21
8:09:28,2/5/2018,5.7,84,0,913,9.6,21
8:10:28,2/5/2018,5.7,84,0,914,9.5,21
8:12:28,2/5/2018,5.8,83,0,911,9.5,21
8:13:28,2/5/2018,5.9,84,0,913,9.5,21
8:14:28,2/5/2018,5.7,84,0,916,9.6,21
8:15:28,2/5/2018,6.1,84,0,916,9.5,21
8:16:28,2/5/2018,5.6,84,1,913,9.5,21
8:17:28,2/5/2018,6.3,85,0,913,9.5,21
8:18:28,2/5/2018,5.9,84,0,914,9.5,21
8:19:28,2/5/2018,5.7,84,0,911,9.5,21
8:20:28,2/5/2018,6,84,0,911,9.5,21
8:21:28,2/5/2018,6,84,0,908,9.5,21
8:22:28,2/5/2018,6,84,0,906,9.6,21
8:23:28,2/5/2018,5.9,84,0,909,9.5,21
8:24:29,2/5/2018,6.1,84,1,915,9.5,21
8:25:28,2/5/2018,6.2,84,0,913,9.5,21
8:26:28,2/5/2018,6.2,85,1,904,9.5,21
8:27:28,2/5/2018,6.2,84,1,903,9.5,21
8:28:28,2/5/2018,6.4,84,0,916,9.6,21
8:29:28,2/5/2018,6.3,84,0,921,9.5,21
8:30:28,2/5/2018,6.3,84,1,906,9.5,21
8:31:28,2/5/2018,6.5,84,2,906,9.5,21
8:32:28,2/5/2018,6.2,84,3,906,9.7,21
8:33:28,2/5/2018,6.3,84,27,906,9.7,21
8:34:28,2/5/2018,6.3,85,53,906,9.7,21
8:35:28,2/5/2018,5.3,85,55,911,9.7,21
8:36:28,2/5/2018,6.7,85,56,913,9.7,21
8:37:28,2/5/2018,6.9,85,57,913,9.7,21
8:38:28,2/5/2018,6.8,85,59,913,9.7,21
8:39:28,2/5/2018,6.9,85,59,913,9.7,21
8:40:28,2/5/2018,6.9,85,55,911,9.9,21
8:40:28,2/5/2018,7,85,55,911,9.9,21
8:41:28,2/5/2018,7.2,85,58,908,9.8,21
8:42:28,2/5/2018,7.2,85,65,908,9.8,21
8:43:28,2/5/2018,7.4,85,70,906,9.9,21
8:44:28,2/5/2018,7.5,85,74,904,9.9,21
8:45:28,2/5/2018,7.6,85,79,903,9.8,21
8:46:28,2/5/2018,7.7,85,85,903,9.8,21
8:47:28,2/5/2018,7.9,85,85,903,9.9,21
8:48:28,2/5/2018,7.9,84,86,901,10,21
8:49:28,2/5/2018,8.1,84,92,896,10,21
8:50:28,2/5/2018,8.2,84,101,896,10,21
8:51:28,2/5/2018,8.5,84,99,896,10,21
8:52:28,2/5/2018,8.6,84,93,896,10,21
8:53:28,2/5/2018,8.7,84,93,894,10,21
8:54:28,2/5/2018,8.9,83,94,886,10.2,21
8:55:28,2/5/2018,9.1,83,94,887,10.2,21
8:56:28,2/5/2018,9.1,83,95,884,10.2,21
8:57:29,2/5/2018,9.2,82,100,879,10.2,21
8:58:28,2/5/2018,9.5,82,104,877,10.2,21
9:00:28,2/5/2018,9.5,81,82,877,10.3,21
9:01:28,2/5/2018,10,81,78,870,10.3,21
9:02:28,2/5/2018,10.2,81,77,867,10.3,21
9:03:28,2/5/2018,10.2,80,77,865,10.3,21
9:04:28,2/5/2018,10.5,80,78,862,10.3,21
9:05:29,2/5/2018,10.8,80,78,865,10.5,21
9:06:28,2/5/2018,10.8,79,78,867,10.5,21
9:07:28,2/5/2018,11,79,81,867,10.5,21
9:08:28,2/5/2018,11.2,79,81,867,10.5,21
9:09:28,2/5/2018,11.4,78,83,862,10.5,21
9:10:28,2/5/2018,11.6,78,84,857,10.6,21
9:11:28,2/5/2018,11.8,78,85,857,10.6,21
9:12:28,2/5/2018,11.9,77,87,855,10.6,21
9:13:28,2/5/2018,12.1,77,90,847,10.6,21
9:14:28,2/5/2018,12.3,75,93,840,10.6,21
9:15:28,2/5/2018,12.3,77,100,838,10.8,21
9:16:28,2/5/2018,12.5,77,107,828,10.8,21
9:17:28,2/5/2018,12.6,76,111,823,10.8,21
9:18:28,2/5/2018,13.4,76,115,821,10.8,21
9:19:28,2/5/2018,13,76,118,821,10.9,21
9:20:28,2/5/2018,13.2,76,120,821,10.9,21
9:21:28,2/5/2018,13.4,76,121,818,10.9,21
9:22:28,2/5/2018,13.5,75,124,799,10.9,21
9:23:28,2/5/2018,13.6,75,130,799,10.9,21
9:24:28,2/5/2018,13.7,72,131,799,11.1,21
9:25:28,2/5/2018,13.8,75,129,799,11.1,21
9:26:28,2/5/2018,14.6,75,126,794,11.1,21
9:27:29,2/5/2018,14.3,75,121,789,11.1,21
9:28:28,2/5/2018,14.4,74,126,784,11.1,21
9:29:28,2/5/2018,15.3,74,131,779,11.1,21
9:30:28,2/5/2018,14.8,74,137,760,11.1,21
9:31:28,2/5/2018,14.9,74,154,757,11.2,21
9:32:28,2/5/2018,15.1,73,159,755,11.2,21
9:33:28,2/5/2018,15.3,72,151,750,11.2,21
9:34:28,2/5/2018,15.5,72,139,750,11.2,21
9:35:28,2/5/2018,15.6,72,135,743,11.2,21
9:36:28,2/5/2018,15.9,72,134,740,11.4,21
9:37:28,2/5/2018,16.1,71,134,740,11.4,21
9:38:28,2/5/2018,14.4,72,136,740,11.4,21
9:39:28,2/5/2018,16.6,71,140,738,11.4,21
9:40:28,2/5/2018,16.7,71,143,738,11.5,21
9:41:29,2/5/2018,17.3,71,149,723,11.5,21
9:42:28,2/5/2018,17.1,71,151,721,11.5,21
9:43:28,2/5/2018,17.3,70,158,718,11.5,21
9:44:28,2/5/2018,17.5,70,161,718,11.5,21
9:45:28,2/5/2018,17.6,70,157,701,11.7,21
9:46:28,2/5/2018,17.9,70,156,694,11.7,21
9:47:28,2/5/2018,18,70,156,692,11.7,21
9:48:28,2/5/2018,18.2,69,152,689,11.7,21
9:49:28,2/5/2018,18.4,69,150,684,11.8,21
9:50:28,2/5/2018,18.6,69,146,682,11.8,21
9:51:28,2/5/2018,18.8,65,139,682,11.8,21
9:52:28,2/5/2018,19,69,137,677,11.8,21
9:53:28,2/5/2018,19.2,69,144,672,12,21
9:54:28,2/5/2018,19.7,69,152,665,12,21
9:55:28,2/5/2018,19.6,68,154,665,12,21
9:56:28,2/5/2018,19.9,68,158,662,12,21
9:57:28,2/5/2018,20,68,167,653,12.1,21
9:58:28,2/5/2018,20.2,68,181,650,12.1,21
9:59:28,2/5/2018,20.4,68,198,645,12.1,21
10:00:28,2/5/2018,20.8,67,210,643,12.1,21
10:01:28,2/5/2018,20.8,67,209,643,12.2,21
10:02:28,2/5/2018,21,67,208,638,12.1,21
10:03:28,2/5/2018,21.2,67,209,633,12.3,21
10:04:28,2/5/2018,21.4,66,216,633,12.3,21
10:05:28,2/5/2018,21.6,66,224,626,12.3,21
10:06:28,2/5/2018,21.8,66,226,621,12.3,21
10:07:28,2/5/2018,22,66,221,619,12.3,21
10:08:28,2/5/2018,22.2,66,210,611,12.5,21
10:09:28,2/5/2018,22.3,65,195,609,12.5,21
10:10:28,2/5/2018,22.5,65,183,599,12.5,21
10:11:28,2/5/2018,22.7,65,178,597,12.5,21
10:12:28,2/5/2018,22.9,65,176,594,12.6,21
10:13:28,2/5/2018,23,64,175,592,12.6,21
10:14:28,2/5/2018,23.2,65,173,594,12.6,21
10:15:28,2/5/2018,23.4,64,169,584,12.6,21
10:16:28,2/5/2018,23.5,64,163,584,12.8,21
10:17:28,2/5/2018,23.8,64,160,579,12.8,21
10:18:28,2/5/2018,23.9,64,159,575,12.8,21
10:19:28,2/5/2018,24.1,64,158,572,12.8,21
10:20:28,2/5/2018,24.2,64,155,572,12.9,21
10:21:28,2/5/2018,24.4,64,153,570,12.9,21
10:22:28,2/5/2018,24.6,64,156,565,12.9,21
10:23:28,2/5/2018,24.7,64,159,565,13.1,21
10:24:28,2/5/2018,25,64,164,565,13.1,21
10:25:28,2/5/2018,25,64,173,555,13.1,21
10:26:28,2/5/2018,25.3,62,179,546,13.1,21
10:27:28,2/5/2018,25.5,62,179,545,13.1,21
10:28:28,2/5/2018,25.7,63,180,543,13.1,21
10:29:28,2/5/2018,25.8,63,183,536,13.2,21
10:30:28,2/5/2018,25.7,64,191,536,13.2,21
10:31:28,2/5/2018,26.2,63,201,531,13.2,21
10:32:28,2/5/2018,26.4,63,206,526,13.2,21
10:33:28,2/5/2018,27,63,214,521,13.4,22
10:34:28,2/5/2018,26.7,62,218,521,13.4,21
10:35:28,2/5/2018,26.8,62,222,519,13.4,22
10:36:28,2/5/2018,27.2,62,218,516,13.4,22
10:37:28,2/5/2018,27.1,62,212,511,13.5,22
10:38:28,2/5/2018,27.3,62,211,506,13.5,22
10:39:28,2/5/2018,27.5,61,209,507,13.5,22
10:40:28,2/5/2018,27.5,61,213,506,13.7,22
10:41:28,2/5/2018,27.6,60,213,501,13.7,22
10:42:28,2/5/2018,27.6,58,219,499,13.7,22
10:43:28,2/5/2018,27.6,58,219,501,13.7,22
10:44:28,2/5/2018,27.7,57,217,506,13.8,22
10:45:28,2/5/2018,27.3,56,213,514,13.8,22
10:46:28,2/5/2018,27.9,56,219,519,13.8,22
10:48:28,2/5/2018,27.3,56,254,516,13.8,22
10:49:28,2/5/2018,27.4,57,266,516,14,22
10:50:28,2/5/2018,27.4,57,264,516,14,22
10:51:28,2/5/2018,27.6,57,255,516,14,22
10:52:28,2/5/2018,27.6,58,245,516,14.1,22
10:53:28,2/5/2018,27.8,58,237,514,14.1,22
10:54:28,2/5/2018,27.9,57,230,509,14.1,22
10:55:28,2/5/2018,27.9,57,224,514,14.1,22
10:56:28,2/5/2018,25.6,56,222,516,14.1,22
10:57:28,2/5/2018,26.1,56,221,516,14.3,22
10:58:28,2/5/2018,27.7,55,228,521,14.3,22
10:59:28,2/5/2018,27.5,54,225,526,14.3,22
11:00:28,2/5/2018,27.2,53,225,538,14.3,22
11:01:28,2/5/2018,27.2,53,219,536,14.4,22
11:02:28,2/5/2018,27.1,51,218,541,14.4,22
11:03:28,2/5/2018,27,50,219,538,14.4,22
11:04:28,2/5/2018,26.9,50,223,553,14.4,22
11:05:28,2/5/2018,27,51,227,553,14.4,22
11:06:28,2/5/2018,27,52,225,545,14.6,22
11:07:28,2/5/2018,27,53,222,545,14.6,22
11:08:28,2/5/2018,26.9,51,223,548,14.6,22
11:09:28,2/5/2018,26.5,46,225,555,14.7,22
11:10:28,2/5/2018,26,43,231,567,14.7,22
11:11:28,2/5/2018,25.9,43,239,575,14.7,22
11:12:28,2/5/2018,25.7,43,246,575,14.7,22
11:13:28,2/5/2018,25.4,43,246,575,14.7,22
11:14:28,2/5/2018,25.3,43,242,575,14.7,22
11:15:28,2/5/2018,25.3,44,235,567,14.7,22
11:16:28,2/5/2018,23.8,46,235,565,14.7,22
11:17:28,2/5/2018,25.3,45,251,565,14.7,22
11:18:28,2/5/2018,25.4,47,278,570,14.9,22
11:19:28,2/5/2018,25.4,47,294,567,14.9,22
11:20:28,2/5/2018,25.5,48,284,565,14.9,22
11:21:28,2/5/2018,25.6,48,258,565,14.9,22
11:22:28,2/5/2018,25.4,49,242,565,14.9,22
11:23:28,2/5/2018,25.7,51,240,565,14.9,22
11:24:28,2/5/2018,24.9,49,240,563,14.9,22
11:25:28,2/5/2018,25.3,46,241,558,15,22
11:26:28,2/5/2018,25.2,48,243,560,15,22
11:27:28,2/5/2018,25.4,49,241,555,15.2,22
11:28:28,2/5/2018,25.3,49,240,558,15.2,22
11:29:28,2/5/2018,25.6,49,249,560,15.2,22
11:30:28,2/5/2018,25.4,49,258,563,15.2,22
11:31:28,2/5/2018,25.1,49,259,565,15.3,22
11:32:28,2/5/2018,25.4,49,254,565,15.3,22
11:33:28,2/5/2018,25.6,50,250,567,15.3,22
11:34:28,2/5/2018,26,50,250,565,15.5,22
11:35:28,2/5/2018,26,49,256,567,15.5,22
11:36:28,2/5/2018,26.1,49,266,570,15.5,22
11:37:28,2/5/2018,25.9,49,287,570,15.6,22
11:38:28,2/5/2018,26,50,316,566,15.6,22
11:39:28,2/5/2018,26,49,338,565,15.6,22
11:40:28,2/5/2018,26.4,47,346,565,15.6,22
11:41:28,2/5/2018,26.5,47,336,570,15.6,22
11:42:28,2/5/2018,26.3,48,324,570,15.6,22
11:43:28,2/5/2018,26.8,50,317,570,15.6,22
11:44:28,2/5/2018,27,53,320,567,15.6,22
11:45:28,2/5/2018,27.2,47,329,562,15.6,22
11:46:28,2/5/2018,27.3,44,332,562,15.6,22
11:47:28,2/5/2018,27.2,44,329,567,15.6,22
11:48:28,2/5/2018,27.1,43,317,572,15.6,22
11:49:28,2/5/2018,27.1,41,296,575,15.8,22
11:50:28,2/5/2018,27,42,275,575,15.8,22
11:51:28,2/5/2018,27.1,41,260,575,15.8,22
11:52:28,2/5/2018,27.2,40,252,575,15.8,22
11:53:28,2/5/2018,27.2,42,253,575,15.8,22
11:54:28,2/5/2018,27.4,44,256,572,15.8,22
11:55:28,2/5/2018,27.5,44,260,570,15.8,22
11:56:28,2/5/2018,27.7,45,260,567,15.8,22
11:57:28,2/5/2018,27.9,46,254,567,15.8,22
11:58:28,2/5/2018,27.8,45,261,567,15.8,22
11:59:28,2/5/2018,27.8,44,266,565,15.8,22
12:00:28,2/5/2018,27.9,41,267,567,15.8,22
12:01:28,2/5/2018,27.8,41,266,572,15.8,22
12:02:28,2/5/2018,28,40,273,575,15.9,22
12:03:28,2/5/2018,28,40,276,575,16,22
12:04:28,2/5/2018,27.9,40,294,575,15.9,22
12:05:28,2/5/2018,27.8,38,288,575,15.9,22
12:06:28,2/5/2018,27.8,38,287,575,15.9,22
12:07:28,2/5/2018,27.7,38,294,575,15.9,22
12:08:28,2/5/2018,27.7,38,309,575,15.9,22
12:09:28,2/5/2018,27.8,38,324,575,15.9,22
12:10:28,2/5/2018,27.8,38,331,572,15.9,22
12:11:28,2/5/2018,27.8,40,332,572,16.1,22
12:12:28,2/5/2018,27.7,41,323,567,16.1,22
12:13:28,2/5/2018,26.5,43,316,567,16.1,22
12:14:28,2/5/2018,27.5,43,305,572,16.1,22
12:15:28,2/5/2018,27.6,44,291,575,16.1,22
12:16:28,2/5/2018,27.7,44,288,572,16.1,22
12:17:28,2/5/2018,27.8,44,300,565,16.1,22
12:18:28,2/5/2018,27.8,43,317,565,16.1,22
12:19:28,2/5/2018,28,43,314,567,16.1,22
12:20:28,2/5/2018,28,40,303,572,16.1,22
12:20:28,2/5/2018,28.1,41,303,572,16.1,22
12:21:28,2/5/2018,28.2,41,296,572,16.1,22
12:22:28,2/5/2018,28.3,40,288,570,16.1,22
12:23:28,2/5/2018,28.3,39,279,575,16.1,22
12:24:28,2/5/2018,28.4,39,265,570,16.1,22
12:25:28,2/5/2018,28.5,40,249,567,16.2,22
12:26:28,2/5/2018,28.6,41,235,567,16.3,22
12:26:28,2/5/2018,28.6,41,235,567,16.3,22
12:27:28,2/5/2018,28.4,42,227,570,16.3,22
12:28:28,2/5/2018,28.6,42,220,567,16.3,22
12:29:28,2/5/2018,28.7,43,215,567,16.2,22
12:30:28,2/5/2018,28.8,43,207,565,16.3,22
12:31:28,2/5/2018,28.9,42,201,567,16.3,22
12:32:28,2/5/2018,28.9,42,199,565,16.3,22
12:33:28,2/5/2018,28.9,43,199,565,16.2,22
12:34:27,2/5/2018,28.6,41,203,565,16.2,22
12:35:28,2/5/2018,28.6,41,207,567,16.3,22
12:36:28,2/5/2018,26.5,44,215,565,16.4,22
12:37:28,2/5/2018,28.4,43,218,565,16.4,22
12:38:28,2/5/2018,28.2,43,214,562,16.4,22
12:39:28,2/5/2018,28,44,203,560,16.4,22
12:40:28,2/5/2018,28.1,44,195,563,16.4,22
12:41:28,2/5/2018,28.2,44,192,565,16.4,22
12:42:28,2/5/2018,27.9,44,190,565,16.4,22
12:43:28,2/5/2018,27.9,42,191,567,16.4,22
12:44:28,2/5/2018,27.9,44,191,572,16.4,22
12:45:28,2/5/2018,27.9,45,194,570,16.4,22
12:46:28,2/5/2018,27.7,44,194,567,16.6,22
12:47:28,2/5/2018,27.8,45,188,567,16.6,22
12:48:28,2/5/2018,28.1,45,182,570,16.6,22
12:49:28,2/5/2018,28.1,44,175,567,16.6,22
12:50:28,2/5/2018,28.2,41,165,572,16.6,22
12:51:28,2/5/2018,27.9,41,157,570,16.6,22
12:52:28,2/5/2018,27.9,41,152,565,16.5,22
12:53:28,2/5/2018,27.9,41,149,568,16.6,22
12:54:28,2/5/2018,28.1,43,144,570,16.6,22
12:55:28,2/5/2018,28,43,141,575,16.6,22
12:56:28,2/5/2018,28.2,44,138,577,16.6,22
12:57:28,2/5/2018,28.4,46,136,575,16.6,22
12:58:28,2/5/2018,28.2,48,136,572,16.6,22
12:59:28,2/5/2018,28.4,46,135,570,16.6,22
13:00:28,2/5/2018,28.4,46,134,570,16.7,22
13:01:28,2/5/2018,28.4,47,133,567,16.7,22
13:02:28,2/5/2018,28.5,47,133,565,16.7,22
13:03:28,2/5/2018,28.7,48,133,560,16.7,22
13:04:28,2/5/2018,28.7,48,134,555,16.7,22
13:05:28,2/5/2018,28.8,48,135,550,16.7,22
13:06:28,2/5/2018,28.9,47,135,555,16.7,22
13:07:28,2/5/2018,29,47,134,553,16.7,22
13:08:28,2/5/2018,29.1,48,135,550,16.7,22
13:09:28,2/5/2018,29.3,47,137,550,16.7,22
13:10:28,2/5/2018,29.3,47,140,555,16.7,22
13:11:28,2/5/2018,29.2,45,144,555,16.9,22
13:12:27,2/5/2018,29.3,43,150,555,16.9,22
13:13:28,2/5/2018,29.3,43,161,557,16.9,22
13:14:27,2/5/2018,29.4,44,173,560,16.9,22
13:15:27,2/5/2018,29.3,42,183,560,16.9,22
13:16:28,2/5/2018,29.3,40,197,565,16.9,22
13:17:28,2/5/2018,29.7,38,205,560,16.9,22
13:18:28,2/5/2018,29.2,37,211,565,16.8,22
13:19:27,2/5/2018,29.1,37,218,567,16.9,22
13:20:28,2/5/2018,29.1,38,228,565,16.9,22
13:21:27,2/5/2018,29,39,244,562,16.8,22
13:22:28,2/5/2018,29.2,38,255,565,16.8,22
13:23:28,2/5/2018,29.1,38,258,567,16.8,22
13:24:28,2/5/2018,29.1,38,262,565,16.8,22
13:25:27,2/5/2018,29.2,37,266,570,16.8,22
13:26:28,2/5/2018,29.1,38,269,567,16.8,22
13:27:27,2/5/2018,29,38,286,562,16.8,22
13:28:28,2/5/2018,29.1,39,315,565,16.8,22
13:29:28,2/5/2018,29,40,335,567,16.8,22
13:30:27,2/5/2018,29,39,323,567,16.8,22
13:31:27,2/5/2018,28.8,38,300,565,16.8,22
13:32:28,2/5/2018,28.9,39,296,570,16.8,22
13:33:28,2/5/2018,29,39,307,570,16.8,22
13:34:27,2/5/2018,29.2,39,310,570,17,22
13:35:28,2/5/2018,29.2,38,290,570,17,22
13:36:28,2/5/2018,29.2,39,272,567,17,22
13:37:28,2/5/2018,29.4,40,264,565,17,22
13:38:27,2/5/2018,29.5,39,270,565,17,22
13:39:28,2/5/2018,29.6,39,278,565,17,22
13:40:28,2/5/2018,29.6,39,286,562,17,22
13:41:27,2/5/2018,29.8,40,286,562,17,22
13:42:27,2/5/2018,29.8,39,274,565,17,22
13:43:27,2/5/2018,29.8,39,263,565,17,22
13:44:28,2/5/2018,29.8,39,264,565,17,22
13:45:28,2/5/2018,30,39,275,567,17,22
13:46:27,2/5/2018,29.6,39,283,562,17,22
13:47:27,2/5/2018,30,38,287,562,17,22
13:48:27,2/5/2018,30,38,294,560,17,22
13:49:28,2/5/2018,30.3,37,294,560,17,22
13:50:27,2/5/2018,29.8,38,287,565,17,22
13:51:28,2/5/2018,30.2,36,273,565,17,22
13:52:27,2/5/2018,30.3,37,256,567,17,22
13:53:27,2/5/2018,30.2,37,247,567,17,22
13:54:28,2/5/2018,29.9,37,250,565,17.2,22
13:55:27,2/5/2018,30.1,36,253,565,17.2,22
13:56:28,2/5/2018,30.1,36,255,565,17.2,22
13:57:27,2/5/2018,30.2,36,254,562,17.2,22
13:58:27,2/5/2018,30.2,36,252,562,17.2,22
13:59:27,2/5/2018,29.9,36,256,565,17.2,22
14:00:27,2/5/2018,29.9,36,261,562,17.2,22
14:01:27,2/5/2018,30,36,271,562,17.2,22
14:02:27,2/5/2018,30.2,36,288,562,17.2,22
14:03:28,2/5/2018,29.9,35,298,560,17.2,22
14:04:28,2/5/2018,30,35,301,560,17.2,22
14:05:27,2/5/2018,30.1,33,301,565,17.2,22
14:06:28,2/5/2018,29.8,34,293,565,17.2,22
14:07:27,2/5/2018,29.8,34,285,565,17.1,22
14:08:28,2/5/2018,29.8,33,283,565,17.2,22
14:09:28,2/5/2018,29.7,33,281,570,17.2,22
14:10:28,2/5/2018,29.3,33,266,565,17.2,22
14:11:28,2/5/2018,29.8,33,252,575,17.2,22
14:12:28,2/5/2018,29.3,31,254,577,17.2,22
14:13:28,2/5/2018,28.8,31,277,579,17.2,22
14:14:28,2/5/2018,28.4,31,300,582,17.2,22
14:15:27,2/5/2018,28.6,30,294,584,17.2,22
14:16:27,2/5/2018,28.5,30,265,584,17.2,22
14:17:27,2/5/2018,28.4,31,244,582,17.2,22
14:18:27,2/5/2018,29.1,32,239,579,17,22
14:19:27,2/5/2018,28.3,32,244,574,17,22
14:20:28,2/5/2018,26.4,33,250,574,17,22
14:21:27,2/5/2018,28.1,32,248,575,17,22
14:22:27,2/5/2018,28.1,33,230,575,17,22
14:23:28,2/5/2018,28,33,219,574,17,22
14:24:28,2/5/2018,27.9,33,228,574,17,22
14:25:27,2/5/2018,27.8,33,247,575,17,22
14:26:28,2/5/2018,27.9,34,248,575,17,22
14:27:28,2/5/2018,27.9,35,230,572,17,22
14:28:28,2/5/2018,27.7,35,211,570,17,22
14:29:28,2/5/2018,27.5,35,207,567,17,22
14:30:28,2/5/2018,27.4,35,213,570,17,22
14:31:27,2/5/2018,27.2,36,219,567,17,22
14:32:27,2/5/2018,27.6,36,217,565,17,22
14:33:27,2/5/2018,27.6,36,210,567,17,22
14:34:28,2/5/2018,27.6,36,204,570,17,22
14:35:27,2/5/2018,27.1,36,200,570,17,22
14:36:28,2/5/2018,27.4,36,205,567,17,22
14:37:27,2/5/2018,27.2,35,215,575,17,22
14:38:27,2/5/2018,27,35,232,575,17,22
14:39:27,2/5/2018,26.6,35,248,582,17,22
14:40:27,2/5/2018,26.8,34,247,584,17,22
14:41:28,2/5/2018,26.7,34,233,587,17,22
14:42:27,2/5/2018,26.5,34,221,587,16.8,22
14:43:27,2/5/2018,26.5,35,217,587,16.8,22
14:44:27,2/5/2018,26.4,35,219,587,16.8,22
14:45:27,2/5/2018,26.4,35,214,587,16.8,22
14:46:27,2/5/2018,26.2,35,205,584,16.8,22
14:47:27,2/5/2018,26.2,36,193,585,16.8,22
14:48:27,2/5/2018,26.2,36,189,579,16.8,22
14:49:27,2/5/2018,26.1,36,193,580,16.8,22
14:50:28,2/5/2018,26.2,36,192,582,16.8,22
14:51:27,2/5/2018,25.9,35,190,582,16.8,22
14:52:27,2/5/2018,26,35,188,584,16.8,22
14:53:27,2/5/2018,26.1,36,189,582,16.8,22
14:54:27,2/5/2018,26,36,188,582,16.8,22
14:55:27,2/5/2018,26.2,36,189,580,16.8,22
14:56:27,2/5/2018,25.9,37,191,574,16.8,22
14:57:27,2/5/2018,25.6,36,196,574,16.8,22
14:57:28,2/5/2018,25.6,35,196,574,16.8,22
14:58:27,2/5/2018,25.4,36,188,582,16.8,22
14:59:27,2/5/2018,25.3,35,177,584,16.8,22
15:00:27,2/5/2018,25.1,35,171,584,16.8,22
15:01:27,2/5/2018,25.8,36,170,584,16.8,22
15:02:27,2/5/2018,25,35,170,584,16.8,22
15:03:27,2/5/2018,24.9,36,170,584,16.8,22
15:04:27,2/5/2018,24.9,35,165,580,16.8,22
15:05:27,2/5/2018,25,36,160,580,16.8,22
15:06:27,2/5/2018,25,38,157,579,16.8,22
15:07:27,2/5/2018,25,39,157,582,16.8,22
15:08:27,2/5/2018,24.9,38,155,577,16.8,22
15:09:27,2/5/2018,24.9,38,154,577,16.8,22
15:10:27,2/5/2018,24.8,37,155,577,16.8,22
15:11:27,2/5/2018,25.1,38,156,582,16.8,22
15:12:27,2/5/2018,24.5,37,156,582,16.8,22
15:13:27,2/5/2018,24.5,38,155,575,16.7,22
15:14:28,2/5/2018,24.4,36,153,577,16.7,22
15:15:27,2/5/2018,24.1,37,151,577,16.7,22
15:16:27,2/5/2018,23.8,37,148,582,16.7,22
15:17:27,2/5/2018,24,37,147,589,16.7,22
15:18:27,2/5/2018,24,39,147,584,16.7,22
15:19:27,2/5/2018,24.2,39,148,587,16.7,22
15:20:27,2/5/2018,24.3,40,152,584,16.7,22
15:21:27,2/5/2018,24.1,41,157,577,16.7,22
